leiden,batch_key,25183,27522,37692,47491,56203,57075,58408,59114,60359,77570,81012,83942,BM2,BM4,BM5,BM6,MMRF_1267,MMRF_1325,MMRF_1413,MMRF_1424,MMRF_1505,MMRF_1537,MMRF_1640,MMRF_1641,MMRF_1686,MMRF_1695,MMRF_1720,MMRF_1777,MMRF_1941,MMRF_1967,MMRF_2038,MMRF_2168,MMRF_2251,MMRF_2259,MMY18273,MMY21940,MMY22933,MMY34339,MMY34600,MMY40511,MMY47218,MMY67868,MMY70893,MMY74196,MMY80649,MMY98423,ND_083017,ND_090617,ND_170531,ND_170607,n_cells,entropy,dominant,dominant_pct
0,patient_id,1835,1401,149,476,866,203,171,128,74,688,359,4008,0,0,0,1,0,0,0,0,0,0,0,0,0,0,0,0,0,0,1,0,0,0,7,5,11,0,0,0,5,2,1,1,3,2,9,8,6,8,10428,0.49328976377079786,83942,38.43498273878021
1,patient_id,130,2303,21,22,104,18,15,18,30,8,36,116,2,0,0,0,0,0,0,0,0,0,0,0,0,0,1,0,0,0,0,0,0,0,1,0,1,0,0,0,0,7,3,0,0,0,0,2,0,0,2838,0.22730214513122085,27522,81.14869626497534
2,patient_id,2,106,3,11,71,17,0,16,9,3,15,793,115,36,12,78,71,10,20,48,104,163,27,21,25,29,41,21,33,44,62,61,188,80,17,31,55,29,4,20,30,56,14,19,40,53,0,67,41,0,2811,0.7906523025614233,83942,28.210601209533976
3,patient_id,0,1142,526,335,696,1187,1728,574,1150,307,365,790,50,65,116,126,2,0,2,2,2,0,1,0,0,1,2,1,0,1,1,1,2,0,0,9,0,0,13,1,10,7,8,8,10,1,869,887,504,317,11819,0.6948948416977052,58408,14.620526271258145
4,patient_id,1,3,0,0,0,0,0,0,0,2,1,3606,3,4,5,3,2,0,0,1,7,5,0,1,0,0,1,0,1,0,3,1,4,4,203,874,1663,375,170,496,812,1287,107,283,1339,111,3,2,0,3,11386,0.5460093489934623,83942,31.670472510100122
5,patient_id,0,7,0,0,0,0,0,0,0,0,0,27,235,91,188,103,116,30,62,70,119,239,63,23,45,57,115,61,51,48,83,76,65,99,9,31,41,10,3,21,19,86,8,8,24,16,23,35,9,14,2430,0.8464379373799342,MMRF_1537,9.835390946502057
6,patient_id,0,0,0,0,0,0,0,0,0,0,0,10,0,0,0,0,0,0,0,0,0,0,0,0,0,0,0,0,0,0,0,0,0,0,0,0,39,0,0,0,0,0,0,0,0,0,0,0,0,0,49,0.12934713529171846,MMY22933,79.59183673469387
7,patient_id,0,0,0,0,0,0,0,0,0,0,0,66,31,50,81,74,529,107,488,68,2454,116,575,224,34,31,922,100,65,60,568,72,3060,673,4,4,15,1,0,0,5,3,0,0,6,0,0,4,0,3,10493,0.5789577407368476,MMRF_2251,29.162298675307348
8,patient_id,0,18,1,0,3,5,0,0,15,1,5,2,104,44,40,21,113,14,16,41,78,61,51,33,58,32,29,31,32,57,94,46,14,76,12,48,7,2,18,41,55,8,34,27,34,71,0,0,0,0,1492,0.8720827670885531,MMRF_1267,7.57372654155496
9,patient_id,0,2,0,0,0,0,0,0,0,0,0,10,440,221,662,580,506,120,440,318,324,1784,182,117,113,142,966,261,230,152,254,218,90,259,0,3,2,0,1,4,1,0,2,3,2,3,2,0,0,0,8414,0.7108499116535991,MMRF_1537,21.202757309246493
10,patient_id,0,531,66,74,48,541,497,491,365,282,44,57,996,886,714,473,83,9,69,337,75,5,10,91,28,45,12,92,133,44,126,67,17,47,4,263,9,56,74,187,26,45,157,262,257,150,352,686,238,219,10340,0.8534026841121435,BM2,9.632495164410058
11,patient_id,0,0,0,0,0,0,0,0,0,0,0,1,0,0,0,0,0,0,0,0,0,29,0,0,0,0,0,0,0,0,0,0,0,0,0,0,0,0,0,0,0,0,0,0,0,0,0,0,0,0,30,0.03735784421660608,MMRF_1537,96.66666666666667
12,patient_id,0,161,0,0,0,1,2,0,0,3,0,216,439,263,1139,1022,154,40,365,237,13,9,114,150,116,245,113,123,95,112,57,337,47,103,1,535,49,1,1356,276,226,358,589,485,519,100,38,58,33,13,10313,0.8014604001254596,MMY34600,13.148453408319597
13,patient_id,0,1073,394,278,492,82,285,505,1119,98,302,44,66,166,83,86,4,1,9,5,4,2,3,7,3,1,3,2,4,7,11,6,1,6,0,15,3,0,19,4,14,14,17,27,19,7,747,465,305,274,7082,0.7053568453576651,60359,15.800621293419939
14,patient_id,0,3053,333,213,507,389,1232,904,2395,575,451,27,91,3,44,24,0,0,0,0,0,0,0,0,0,0,1,0,0,0,1,0,0,0,1,4,0,0,10,7,7,8,13,4,8,4,358,655,297,500,12119,0.6096183347547617,27522,25.191847512170973
15,patient_id,0,122,0,0,1,0,2,3,4,0,0,1,1214,22,311,121,289,38,268,186,124,475,227,224,70,131,146,132,91,118,272,166,16,146,210,92,23,88,303,831,576,325,1042,454,250,46,136,232,81,160,9769,0.8351364335029622,BM2,12.427065206264714
16,patient_id,0,284,0,0,0,0,0,0,1,0,0,2,0,36,16,2,1,2,0,0,0,0,1,0,0,0,0,0,0,0,0,3,0,0,5,0,0,1,0,0,1,1,2,0,0,0,1,0,1,0,360,0.2303670718173712,27522,78.88888888888889
17,patient_id,0,967,37,27,69,19,91,53,176,30,59,39,402,1,21,4,75,12,17,39,89,230,37,42,46,38,32,10,30,31,67,79,5,80,38,9,1,3,12,92,86,55,111,151,66,6,26,162,33,85,3890,0.7972883629981146,27522,24.858611825192803
18,patient_id,0,1693,765,601,909,85,623,1158,1824,514,1226,193,31,57,31,20,0,0,0,1,0,7,1,0,0,0,0,0,0,0,0,1,0,1,0,5,1,0,2,1,2,2,4,3,3,1,1149,666,422,547,12549,0.6633393324662326,60359,14.535022710972987
19,patient_id,0,224,46,26,64,4,102,211,266,36,242,38,279,161,256,186,44,7,25,37,9,1,29,22,65,19,2,2,42,5,114,39,10,13,0,64,4,0,66,8,25,22,150,102,64,50,259,270,95,141,3946,0.8534052301808168,BM2,7.070451089711099
20,patient_id,0,169,2,1,2,0,3,4,4,0,0,218,996,2744,1037,979,259,79,179,248,32,66,277,435,214,93,98,60,88,195,378,311,46,155,1,759,60,1,789,105,313,347,1131,1082,493,336,153,118,66,61,15187,0.7917234926017959,BM4,18.068084545993283
21,patient_id,0,199,6,9,5,31,85,21,13,18,0,6,352,138,53,136,1,4,23,63,17,14,1,4,22,13,6,10,26,37,9,44,6,44,3,23,0,2,3,5,22,0,3,14,58,3,22,195,108,9,1886,0.767524441545496,BM2,18.66383881230117
22,patient_id,0,129,29,49,28,47,25,43,80,32,8,0,107,40,45,45,53,3,30,18,13,66,23,21,10,12,24,17,37,30,40,25,4,30,34,9,8,0,5,62,28,14,64,22,20,0,1,21,16,40,1507,0.91009854378916,27522,8.560053085600531
23,patient_id,0,486,304,262,501,866,350,576,192,720,440,162,557,335,460,459,71,10,297,58,4,4,41,64,23,42,26,49,77,43,65,84,13,24,4,107,31,1,955,451,139,246,310,148,127,77,362,453,170,178,11424,0.871268364069695,MMY34600,8.359593837535014
24,patient_id,0,164,15,9,54,21,15,56,108,26,64,15,76,30,14,12,55,5,9,16,32,44,26,22,43,16,14,13,18,33,47,32,11,48,12,17,3,4,6,19,33,15,21,11,19,26,1,20,17,0,1387,0.8990848332011109,27522,11.824080749819753
25,patient_id,0,395,164,116,198,280,468,534,686,270,50,4,107,20,59,76,25,0,110,29,9,47,36,49,4,18,33,8,14,29,66,11,2,5,25,29,7,1,138,167,128,47,119,60,41,68,161,57,14,42,5026,0.8152276376136026,60359,13.649025069637883
26,patient_id,0,49,5,17,12,34,2,28,25,3,2,0,109,31,72,37,27,4,4,41,31,71,63,9,23,9,11,8,15,48,40,15,7,38,23,17,2,0,8,2,8,8,34,59,12,2,0,44,37,0,1146,0.8762345766460155,BM2,9.511343804537521
27,patient_id,0,1541,1,0,4,1,0,0,0,0,2,30,2,3,3,4,1,0,1,1,0,1,0,0,0,0,5,0,0,0,0,0,0,0,118,19,25,0,0,36,11,701,12,4,3,13,0,0,0,0,2542,0.2985869982647131,27522,60.62155782848151
28,patient_id,0,0,0,0,0,0,0,0,0,0,0,0,0,0,0,0,0,0,0,0,0,0,0,0,0,0,0,0,0,0,0,0,187,0,0,0,0,0,0,0,0,0,0,0,0,0,0,0,0,0,187,-0.0,MMRF_2251,100.0
29,patient_id,0,0,0,0,0,0,0,0,0,0,0,0,0,0,0,0,0,0,0,0,0,0,0,0,0,0,0,0,0,0,0,0,0,0,0,1,0,0,0,0,0,0,89,0,0,0,0,0,0,0,90,0.015604979304796344,MMY70893,98.88888888888889
