sample_name,0,1,2,3,4,5,6,7,8,9,10,11,12,13,14,15,16,17,18,19,20,21,22,23,24,25,26,27,28,29
25183,0.9324186991869918,0.06605691056910569,0.0010162601626016261,0.0,0.0005081300813008131,0.0,0.0,0.0,0.0,0.0,0.0,0.0,0.0,0.0,0.0,0.0,0.0,0.0,0.0,0.0,0.0,0.0,0.0,0.0,0.0,0.0,0.0,0.0,0.0,0.0
27522_1,0.3751872939766257,0.07641594246329038,0.008390770152831885,0.04315253221456398,0.00029967036260113877,0.0,0.0,0.0,0.0,0.0,0.0827090200779143,0.0,0.00029967036260113877,0.008091099790230746,0.28468684447108183,0.004495055439017081,0.0,0.03685945459994006,0.038058136050344624,0.0029967036260113876,0.00029967036260113877,0.0017980221756068325,0.00958945160323644,0.010188792328438718,0.0074917590650284685,0.008390770152831885,0.0005993407252022775,0.0,0.0,0.0
27522_2,0.00448681996634885,0.6191811553561414,0.00448681996634885,0.056646102075154234,0.0,0.0,0.0,0.0,0.0,0.0,0.003925967470555244,0.0,0.007291082445316881,0.00448681996634885,0.11890072910824454,0.0,0.0,0.06057206954570948,0.02411665731912507,0.0033651149747616375,0.0,0.0061693774537296695,0.04374649467190129,0.0061693774537296695,0.017386427369601793,0.015703869882220976,0.0033651149747616375,0.0,0.0,0.0
27522_3,0.004521167283189478,0.11960542540073983,0.002466091245376079,0.10110974106041924,0.0,0.0,0.0,0.0,0.0004110152075626798,0.0,0.055487053020961775,0.0,0.002466091245376079,0.0998766954377312,0.2219482120838471,0.0032881216605014385,0.0,0.05014385532264694,0.1730374023838882,0.02178380600082203,0.009042334566378957,0.002877106452938759,0.002877106452938759,0.062063296341964655,0.0032881216605014385,0.0632963419646527,0.0,0.0004110152075626798,0.0,0.0
27522_4,0.011785634867689571,0.11452079163887036,0.004002668445630421,0.09006004002668445,0.0,0.0,0.0,0.0,0.0,0.0,0.021125194574160552,0.0,0.0,0.10518123193239938,0.17100289081609962,0.00044474093840338,0.00044474093840338,0.08361129641983545,0.11363130976206359,0.022904158327774073,0.0,0.00822770736046253,0.00266844563042028,0.056037358238825885,0.01000667111407605,0.02156993551256393,0.00622637313764732,0.15654881031798978,0.0,0.0
27522_5,0.006903353057199211,0.05917159763313609,0.0039447731755424065,0.02564102564102564,0.0,0.0009861932938856016,0.0,0.0,0.0,0.0,0.009861932938856016,0.0,0.05719921104536489,0.0039447731755424065,0.028599605522682446,0.006903353057199211,0.22682445759368836,0.09763313609467456,0.014792899408284023,0.01282051282051282,0.027613412228796843,0.006903353057199211,0.0,0.01775147928994083,0.0039447731755424065,0.014792899408284023,0.0009861932938856016,0.3727810650887574,0.0,0.0
27522_6,0.022165927802406588,0.024699176694110196,0.013299556681443952,0.06966434452184928,0.0006333122229259025,0.0018999366687777073,0.0,0.0,0.005383153894870171,0.0006333122229259025,0.00253324889170361,0.0,0.026282457251424952,0.10069664344521849,0.17511082963901203,0.028499050031665613,0.016466117796073463,0.04401519949335022,0.1823939202026599,0.012349588347055098,0.037365421152628246,0.04148195060164661,0.0,0.006333122229259025,0.016149461684610514,0.02311589613679544,0.0037998733375554147,0.14502849905003168,0.0,0.0
37692_2,0.05197070108126962,0.007324729682595047,0.0010463899546564353,0.18346703871642833,0.0,0.0,0.0,0.0,0.0003487966515521451,0.0,0.023020579002441578,0.0,0.0,0.13742588071154516,0.11614928496686432,0.0,0.0,0.012905476107429368,0.266829438437391,0.016044645971398673,0.0006975933031042902,0.0020927799093128706,0.010115102895012208,0.10603418207185211,0.005231949773282177,0.0572026508545518,0.0017439832577607255,0.0003487966515521451,0.0,0.0
47491_1,0.20115356885364094,0.010814708002883922,0.007930785868781542,0.14131218457101657,0.0,0.0,0.0,0.0,0.0,0.0,0.03172314347512617,0.0,0.0,0.14419610670511895,0.032444124008651765,0.0,0.0,0.008651766402307137,0.2869502523431867,0.017303532804614274,0.0007209805335255948,0.004325883201153569,0.005767844268204758,0.08074981975486661,0.0,0.020187454938716654,0.005767844268204758,0.0,0.0,0.0
47491_2,0.17295873573309922,0.006145741878841089,0.0,0.12203687445127305,0.0,0.0,0.0,0.0,0.0,0.0,0.02633889376646181,0.0,0.0,0.0684811237928007,0.14749780509218613,0.0,0.0,0.013169446883230905,0.17822651448639157,0.001755926251097454,0.0,0.0026338893766461808,0.035996488147497806,0.13169446883230904,0.007901668129938543,0.07726075504828797,0.007901668129938543,0.0,0.0,0.0
56203_1,0.5079559363525091,0.04222766217870257,0.03549571603427173,0.023255813953488372,0.0,0.0,0.0,0.0,0.0,0.0,0.028151774785801713,0.0,0.0,0.02937576499388005,0.02447980416156671,0.0,0.0,0.012239902080783354,0.13219094247246022,0.004283965728274173,0.0,0.0030599755201958386,0.0030599755201958386,0.056303549571603426,0.0030599755201958386,0.08873929008567931,0.006119951040391677,0.0,0.0,0.0
56203_2,0.012,0.011666666666666667,0.004333333333333333,0.21933333333333332,0.0,0.0,0.0,0.0,0.001,0.0,0.0006666666666666666,0.0,0.0,0.148,0.15566666666666668,0.0003333333333333333,0.0,0.01633333333333333,0.231,0.019,0.0006666666666666666,0.0,0.007666666666666666,0.13633333333333333,0.01633333333333333,0.017666666666666667,0.0006666666666666666,0.0013333333333333333,0.0,0.0
57075_3,0.052988775776559645,0.004698512137823023,0.004437483685721744,0.3098407726442182,0.0,0.0,0.0,0.0,0.0013051422605063951,0.0,0.14121639258679197,0.0,0.00026102845210127906,0.021404333072304882,0.10154006786739754,0.0,0.0,0.004959540589924301,0.02218741842860872,0.0010441138084051162,0.0,0.00809188201513965,0.012268337248760116,0.22605063951970764,0.00548159749412686,0.07308796658835813,0.008874967371443488,0.00026102845210127906,0.0,0.0
58408_1,0.018385650224215247,0.0017937219730941704,0.0,0.3977578475336323,0.0,0.0,0.0,0.0,0.0,0.0,0.08206278026905829,0.0,0.0,0.1,0.039461883408071746,0.0,0.0,0.003139013452914798,0.2273542600896861,0.03991031390134529,0.0008968609865470852,0.003587443946188341,0.003587443946188341,0.06278026905829596,0.0017937219730941704,0.017040358744394617,0.0004484304932735426,0.0,0.0,0.0
58408_2,0.03750721292556261,0.0031736872475476054,0.0,0.24264281592613965,0.0,0.0,0.0,0.0,0.0,0.0,0.09059434506635891,0.0,0.0005770340450086555,0.01788805539526832,0.33006347374495093,0.0005770340450086555,0.0,0.024235429890363532,0.03346797461050202,0.0037507212925562607,0.00028851702250432774,0.022215810732833238,0.0049047893825735715,0.060588574725908825,0.0031736872475476054,0.12406231967686093,0.00028851702250432774,0.0,0.0,0.0
59114_1,0.013049151805132666,0.006089604175728578,0.0008699434536755111,0.11961722488038277,0.0,0.0,0.0,0.0,0.0,0.0,0.16789908655937363,0.0,0.0,0.050456720313179645,0.16398434101783385,0.0,0.0,0.005219660722053067,0.27925184862983904,0.03697259678120922,0.0,0.004784688995215311,0.0034797738147020443,0.10743801652892562,0.019138755980861243,0.019573727707699,0.002174858634188778,0.0,0.0,0.0
59114_4,0.032407407407407406,0.0013227513227513227,0.004629629629629629,0.09887566137566138,0.0,0.0,0.0,0.0,0.0,0.0,0.034722222222222224,0.0,0.0,0.12863756613756613,0.17427248677248677,0.000992063492063492,0.0,0.013558201058201057,0.17063492063492064,0.041666666666666664,0.0013227513227513227,0.0033068783068783067,0.011574074074074073,0.1087962962962963,0.003968253968253968,0.16170634920634921,0.007605820105820105,0.0,0.0,0.0
60359_1,0.007526020816653323,0.0012810248198558848,0.0012810248198558848,0.06020816653322658,0.0,0.0,0.0,0.0,0.0024019215372297837,0.0,0.011849479583666934,0.0,0.0,0.12489991993594876,0.3697357886309047,0.0006405124099279424,0.0,0.01200960768614892,0.22385908726981585,0.02658126501200961,0.0,0.00048038430744595676,0.009927942353883107,0.02033626901521217,0.016653322658126503,0.10632506004803843,0.0040032025620496394,0.0,0.0,0.0
60359_2,0.01178524661719773,0.00960279353993889,0.00043649061545176777,0.33784373635966825,0.0,0.0,0.0,0.0,0.0,0.0,0.12701876909646442,0.0,0.0,0.14797031863814927,0.03753819292885203,0.0,0.00043649061545176777,0.044085552160628545,0.18594500218245308,0.04364906154517678,0.001745962461807071,0.004364906154517678,0.00785683107813182,0.028371890004364905,0.001745962461807071,0.00960279353993889,0.0,0.0,0.0,0.0
77570,0.1902654867256637,0.0022123893805309734,0.000829646017699115,0.0849004424778761,0.0005530973451327434,0.0,0.0,0.0,0.0002765486725663717,0.0,0.07798672566371681,0.0,0.000829646017699115,0.027101769911504425,0.1590154867256637,0.0,0.0,0.008296460176991151,0.14214601769911506,0.00995575221238938,0.0,0.00497787610619469,0.008849557522123894,0.19911504424778761,0.007190265486725664,0.07466814159292036,0.000829646017699115,0.0,0.0,0.0
81012_1,0.06820083682008368,0.008368200836820083,0.002510460251046025,0.048535564853556486,0.0,0.0,0.0,0.0,0.0020920502092050207,0.0,0.018410041841004185,0.0,0.0,0.04184100418410042,0.16652719665271967,0.0,0.0,0.023430962343096235,0.4087866108786611,0.05690376569037657,0.0,0.0,0.0012552301255230125,0.12677824267782425,0.025523012552301255,0.0008368200836820083,0.0,0.0,0.0,0.0
81012_2,0.15300546448087432,0.01249024199843872,0.00702576112412178,0.19437939110070257,0.00078064012490242,0.0,0.0,0.0,0.0,0.0,0.0,0.0,0.0,0.15768930523028885,0.04137392661982826,0.0,0.0,0.00234192037470726,0.19437939110070257,0.08274785323965651,0.0,0.0,0.0039032006245121,0.10694769711163153,0.00234192037470726,0.03747072599531616,0.00156128024980484,0.00156128024980484,0.0,0.0
83942,0.695583596214511,0.019803715387311602,0.06975113915177007,0.13564668769716087,0.0008762705923589204,0.0001752541184717841,0.0,0.0,0.0,0.0,0.005257623554153523,0.0,0.0008762705923589204,0.005608131791097091,0.00473186119873817,0.0001752541184717841,0.0,0.006309148264984227,0.033123028391167195,0.0033298282509638976,0.0007010164738871364,0.0007010164738871364,0.0,0.013845075359270943,0.0026288117770767614,0.0007010164738871364,0.0,0.0001752541184717841,0.0,0.0
BM2,0.0,0.00029394473838918284,0.016901822457378014,0.007348618459729571,0.0004409171075837742,0.03453850676072898,0.0,0.004556143445032334,0.015285126396237508,0.06466784244562022,0.14638447971781304,0.0,0.06452087007642564,0.009700176366843033,0.013374485596707819,0.178424456202234,0.0,0.059082892416225746,0.004556143445032334,0.041005291005291,0.14638447971781304,0.05173427395649618,0.015726043503821282,0.08186360964138742,0.011169900058788948,0.015726043503821282,0.016019988242210466,0.00029394473838918284,0.0,0.0
BM4,0.0,0.0,0.006609142647328804,0.011933174224343675,0.0007343491830365339,0.016706443914081145,0.0,0.009179364787956673,0.008077841013401872,0.0405727923627685,0.16265834404259225,0.0,0.0482834587846521,0.030475491096016157,0.0005507618872774004,0.004038920506700936,0.006609142647328804,0.00018358729575913347,0.010464475858270608,0.02955755461722049,0.5037635395630622,0.02533504681476042,0.007343491830365339,0.06150174407930971,0.005507618872774004,0.0036717459151826694,0.005691206168533138,0.0005507618872774004,0.0,0.0
BM5,0.0,0.0,0.0021969974368363236,0.021237641889417794,0.0009154155986818016,0.03441962651043574,0.0,0.014829732698645185,0.007323324789454412,0.12120102526547052,0.13072134749176126,0.0,0.2085316733797144,0.015195898938117906,0.008055657268399853,0.05693885023800806,0.0029293299157817647,0.0038447455144635665,0.005675576711827169,0.046869278652508235,0.18985719516660565,0.009703405346027096,0.008238740388136214,0.08421823507872574,0.002563163676309044,0.010801904064445257,0.013181984621017943,0.0005492493592090809,0.0,0.0
BM6,0.00021404109589041095,0.0,0.016695205479452056,0.02696917808219178,0.0006421232876712328,0.02204623287671233,0.0,0.015839041095890412,0.00449486301369863,0.12414383561643835,0.10124143835616438,0.0,0.21875,0.018407534246575343,0.005136986301369863,0.025898972602739725,0.0004280821917808219,0.0008561643835616438,0.004280821917808219,0.03981164383561644,0.20954623287671234,0.02910958904109589,0.009631849315068493,0.09824486301369863,0.0025684931506849314,0.016267123287671232,0.007919520547945206,0.0008561643835616438,0.0,0.0
MMRF_1267,0.0,0.0,0.028617492946392584,0.0008061265618702137,0.0008061265618702137,0.04675534058847239,0.0,0.2132204756146715,0.04554615074566707,0.20395002015316405,0.03345425231761386,0.0,0.062071745264006446,0.0016122531237404273,0.0,0.11648528819024587,0.00040306328093510683,0.030229746070133012,0.0,0.0177347843611447,0.10439338976219266,0.00040306328093510683,0.021362353889560662,0.028617492946392584,0.022168480451430876,0.01007658202337767,0.010882708585247884,0.00040306328093510683,0.0,0.0
MMRF_1325,0.0,0.0,0.020202020202020204,0.0,0.0,0.06060606060606061,0.0,0.21616161616161617,0.028282828282828285,0.24242424242424243,0.01818181818181818,0.0,0.08080808080808081,0.00202020202020202,0.0,0.07676767676767676,0.00404040404040404,0.024242424242424242,0.0,0.014141414141414142,0.1595959595959596,0.00808080808080808,0.006060606060606061,0.020202020202020204,0.010101010101010102,0.0,0.00808080808080808,0.0,0.0,0.0
MMRF_1413,0.0,0.0,0.008216926869350863,0.0008216926869350862,0.0,0.025472473294987676,0.0,0.20049301561216104,0.00657354149548069,0.18077239112571897,0.028348397699260477,0.0,0.14995891536565326,0.0036976170912078883,0.0,0.11010682004930156,0.0,0.006984387838948234,0.0,0.010271158586688579,0.07354149548069022,0.009449465899753493,0.012325390304026294,0.12202136400986031,0.0036976170912078883,0.04519309778142974,0.0016433853738701725,0.0004108463434675431,0.0,0.0
MMRF_1424,0.0,0.0,0.02575107296137339,0.001072961373390558,0.000536480686695279,0.03755364806866953,0.0,0.03648068669527897,0.021995708154506438,0.17060085836909872,0.180793991416309,0.0,0.1271459227467811,0.002682403433476395,0.0,0.09978540772532189,0.0,0.02092274678111588,0.000536480686695279,0.01984978540772532,0.13304721030042918,0.03379828326180258,0.009656652360515022,0.03111587982832618,0.008583690987124463,0.01555793991416309,0.021995708154506438,0.000536480686695279,0.0,0.0
MMRF_1505,0.0,0.0,0.02937853107344633,0.0005649717514124294,0.0019774011299435027,0.03361581920903955,0.0,0.6932203389830508,0.022033898305084745,0.09152542372881356,0.0211864406779661,0.0,0.003672316384180791,0.0011299435028248588,0.0,0.03502824858757062,0.0,0.02514124293785311,0.0,0.002542372881355932,0.00903954802259887,0.00480225988700565,0.003672316384180791,0.0011299435028248588,0.00903954802259887,0.002542372881355932,0.008757062146892656,0.0,0.0,0.0
MMRF_1537,0.0,0.0,0.04739749927304449,0.0,0.0014539110206455365,0.06949694678685664,0.0,0.03373073567897645,0.017737714451875546,0.5187554521663275,0.0014539110206455365,0.008432683919744112,0.002617039837161966,0.0005815644082582146,0.0,0.13812154696132597,0.0,0.06687990694969467,0.002035475428903751,0.0002907822041291073,0.01919162547252108,0.004070950857807502,0.01919162547252108,0.0011631288165164292,0.01279441698168072,0.013666763594068043,0.020645536493166618,0.0002907822041291073,0.0,0.0
MMRF_1640,0.0,0.0,0.015100671140939598,0.0005592841163310962,0.0,0.03523489932885906,0.0,0.32158836689038034,0.028523489932885907,0.1017897091722595,0.005592841163310962,0.0,0.06375838926174497,0.0016778523489932886,0.0,0.12695749440715884,0.0005592841163310962,0.02069351230425056,0.0005592841163310962,0.01621923937360179,0.15492170022371365,0.0005592841163310962,0.012863534675615212,0.022930648769574943,0.0145413870246085,0.020134228187919462,0.03523489932885906,0.0,0.0,0.0
MMRF_1641,0.0,0.0,0.013470173187940988,0.0,0.0006414368184733803,0.014753046824887749,0.0,0.1436818473380372,0.021167415009621552,0.0750481077613855,0.058370750481077614,0.0,0.09621552277100706,0.004490057729313663,0.0,0.1436818473380372,0.0,0.026940346375881975,0.0,0.014111610006414367,0.27902501603592045,0.0025657472738935213,0.013470173187940988,0.04105195638229634,0.014111610006414367,0.03143040410519564,0.005772931366260423,0.0,0.0,0.0
MMRF_1686,0.0,0.0,0.02653927813163482,0.0,0.0,0.04777070063694268,0.0,0.036093418259023353,0.06157112526539278,0.11995753715498939,0.029723991507430998,0.0,0.12314225053078556,0.0031847133757961785,0.0,0.07430997876857749,0.0,0.04883227176220807,0.0,0.06900212314225053,0.22717622080679406,0.02335456475583864,0.010615711252653927,0.024416135881104035,0.045647558386411886,0.004246284501061571,0.024416135881104035,0.0,0.0,0.0
MMRF_1695,0.0,0.0,0.029774127310061602,0.001026694045174538,0.0,0.058521560574948665,0.0,0.03182751540041068,0.03285420944558522,0.1457905544147844,0.04620123203285421,0.0,0.2515400410677618,0.001026694045174538,0.0,0.13449691991786447,0.0,0.039014373716632446,0.0,0.019507186858316223,0.09548254620123203,0.013347022587268994,0.012320328542094456,0.043121149897330596,0.01642710472279261,0.018480492813141684,0.009240246406570842,0.0,0.0,0.0
MMRF_1720,0.0,0.000384172109104879,0.015751056473300037,0.000768344218209758,0.000384172109104879,0.044179792547061086,0.0,0.35420668459469845,0.01114099116404149,0.3711102573953131,0.004610065309258548,0.0,0.043411448328851326,0.001152516327314637,0.000384172109104879,0.05608912792931233,0.0,0.012293507491356128,0.0,0.000768344218209758,0.03764886669227814,0.002305032654629274,0.009220130618517095,0.009988474836726853,0.005378409527468306,0.012677679600461006,0.0042258932001536685,0.001920860545524395,0.0,0.0
MMRF_1777,0.0,0.0,0.02097902097902098,0.000999000999000999,0.0,0.060939060939060936,0.0,0.0999000999000999,0.030969030969030968,0.26073926073926074,0.0919080919080919,0.0,0.12287712287712288,0.001998001998001998,0.0,0.13186813186813187,0.0,0.00999000999000999,0.0,0.001998001998001998,0.059940059940059943,0.00999000999000999,0.016983016983016984,0.04895104895104895,0.012987012987012988,0.007992007992007992,0.007992007992007992,0.0,0.0,0.0
MMRF_1941,0.0,0.0,0.030499075785582256,0.0,0.0009242144177449168,0.04713493530499076,0.0,0.06007393715341959,0.029574861367837338,0.21256931608133087,0.12292051756007394,0.0,0.0878003696857671,0.0036968576709796672,0.0,0.08410351201478743,0.0,0.027726432532347505,0.0,0.038817005545286505,0.08133086876155268,0.024029574861367836,0.034195933456561925,0.0711645101663586,0.0166358595194085,0.012939001848428836,0.013863216266173753,0.0,0.0,0.0
MMRF_1967,0.0,0.0,0.04021937842778794,0.0009140767824497258,0.0,0.043875685557586835,0.0,0.054844606946983544,0.05210237659963437,0.13893967093235832,0.04021937842778794,0.0,0.10237659963436929,0.006398537477148081,0.0,0.10786106032906764,0.0,0.0283363802559415,0.0,0.004570383912248629,0.17824497257769653,0.033820840950639856,0.027422303473491772,0.03930530164533821,0.03016453382084095,0.026508226691042046,0.043875685557586835,0.0,0.0,0.0
MMRF_2038,0.000423908435777872,0.0,0.02628232301822806,0.000423908435777872,0.001271725307333616,0.035184400169563375,0.0,0.24077999152183127,0.03984739296311997,0.10767274268757948,0.05341246290801187,0.0,0.024162780839338704,0.0046629927935565915,0.000423908435777872,0.11530309453158118,0.0,0.02840186519711742,0.0,0.04832556167867741,0.16023738872403562,0.0038151759220008477,0.01695633743111488,0.02755404832556168,0.019923696481559984,0.027977956761339552,0.01695633743111488,0.0,0.0,0.0
MMRF_2168,0.0,0.0,0.0359882005899705,0.0005899705014749262,0.0005899705014749262,0.044837758112094395,0.0,0.04247787610619469,0.027138643067846607,0.12861356932153392,0.03952802359882006,0.0,0.19882005899705016,0.0035398230088495575,0.0,0.09793510324483776,0.0017699115044247787,0.04660766961651917,0.0005899705014749262,0.023008849557522124,0.18348082595870208,0.025958702064896755,0.014749262536873156,0.049557522123893805,0.01887905604719764,0.006489675516224189,0.008849557522123894,0.0,0.0,0.0
MMRF_2251,0.0,0.0,0.04953886693017128,0.0005270092226613965,0.001054018445322793,0.017127799736495388,0.0,0.8063241106719368,0.003689064558629776,0.023715415019762844,0.0044795783926218705,0.0,0.01238471673254282,0.00026350461133069827,0.0,0.004216073781291172,0.0,0.0013175230566534915,0.0,0.002635046113306983,0.012121212121212121,0.0015810276679841897,0.001054018445322793,0.0034255599472990776,0.002898550724637681,0.0005270092226613965,0.001844532279314888,0.0,0.04927536231884058,0.0
MMRF_2259,0.0,0.0,0.041429311237700675,0.0,0.0020714655618850335,0.05126877265665458,0.0,0.3485240807871569,0.03935784567581564,0.13412739513205593,0.024339720352149145,0.0,0.053340238218539615,0.0031071983428275505,0.0,0.07560849300880373,0.0,0.041429311237700675,0.0005178663904712584,0.006732263076126359,0.08026929052304506,0.02278612118073537,0.015535991714137753,0.012428793371310202,0.024857586742620404,0.002589331952356292,0.01967892283790782,0.0,0.0,0.0
MMY18273,0.009562841530054645,0.001366120218579235,0.023224043715846996,0.0,0.2773224043715847,0.012295081967213115,0.0,0.00546448087431694,0.01639344262295082,0.0,0.00546448087431694,0.0,0.001366120218579235,0.0,0.001366120218579235,0.28688524590163933,0.006830601092896175,0.05191256830601093,0.0,0.0,0.001366120218579235,0.004098360655737705,0.04644808743169399,0.00546448087431694,0.01639344262295082,0.03415300546448088,0.031420765027322405,0.16120218579234974,0.0,0.0
MMY21940,0.0016818028927009755,0.0,0.010427177934746047,0.0030272452068617556,0.2939791456441305,0.010427177934746047,0.0,0.0013454423141607804,0.016145307769929364,0.0010090817356205853,0.08846283215607131,0.0,0.17995290951900436,0.005045408678102927,0.0013454423141607804,0.03094517322569795,0.0,0.0030272452068617556,0.0016818028927009755,0.021527077026572486,0.25529767911200807,0.007736293306424487,0.0030272452068617556,0.035990581903800875,0.005718129835183316,0.009754456777665657,0.005718129835183316,0.006390850992263707,0.0,0.0003363605785401951
MMY22933,0.005339805825242718,0.0004854368932038835,0.02669902912621359,0.0,0.8072815533980583,0.019902912621359223,0.018932038834951457,0.007281553398058253,0.0033980582524271844,0.000970873786407767,0.004368932038834952,0.0,0.02378640776699029,0.0014563106796116505,0.0,0.01116504854368932,0.0,0.0004854368932038835,0.0004854368932038835,0.001941747572815534,0.02912621359223301,0.0,0.003883495145631068,0.015048543689320388,0.0014563106796116505,0.0033980582524271844,0.000970873786407767,0.012135922330097087,0.0,0.0
MMY34339,0.0,0.0,0.050434782608695654,0.0,0.6521739130434783,0.017391304347826087,0.0,0.0017391304347826088,0.0034782608695652175,0.0,0.09739130434782609,0.0,0.0017391304347826088,0.0,0.0,0.15304347826086956,0.0017391304347826088,0.0052173913043478265,0.0,0.0,0.0017391304347826088,0.0034782608695652175,0.0,0.0017391304347826088,0.006956521739130435,0.0017391304347826088,0.0,0.0,0.0,0.0
MMY34600,0.0,0.0,0.001011378002528445,0.0032869785082174463,0.04298356510745891,0.0007585335018963338,0.0,0.0,0.004551201011378002,0.00025284450063211124,0.018710493046776234,0.0,0.34285714285714286,0.004804045512010114,0.0025284450063211127,0.07661188369152971,0.0,0.003034134007585335,0.0005056890012642225,0.01668773704171934,0.19949431099873577,0.0007585335018963338,0.0012642225031605564,0.24146649810366624,0.0015170670037926676,0.03489254108723135,0.00202275600505689,0.0,0.0,0.0
MMY40511,0.0,0.0,0.007052186177715092,0.0003526093088857546,0.17489421720733428,0.007404795486600846,0.0,0.0,0.014456981664315938,0.0014104372355430183,0.0659379407616361,0.0,0.09732016925246827,0.0014104372355430183,0.002468265162200282,0.29301833568406205,0.0,0.03244005641748942,0.0003526093088857546,0.0028208744710860366,0.03702397743300423,0.001763046544428773,0.021861777150916785,0.15902679830747532,0.006699576868829337,0.058885754583921014,0.0007052186177715092,0.012693935119887164,0.0,0.0
MMY47218,0.0019364833462432224,0.0,0.011618900077459334,0.0038729666924864447,0.3144848954298993,0.007358636715724245,0.0,0.0019364833462432224,0.021301316808675447,0.0003872966692486445,0.010069713400464756,0.0,0.08752904725019364,0.005422153369481022,0.002711076684740511,0.22308288148721922,0.0003872966692486445,0.033307513555383424,0.000774593338497289,0.009682416731216111,0.12122385747482571,0.008520526723470178,0.010844306738962044,0.05383423702556158,0.012780790085205267,0.049573973663826494,0.003098373353989156,0.004260263361735089,0.0,0.0
MMY67868,0.0005458515283842794,0.001910480349344978,0.015283842794759825,0.001910480349344978,0.35125545851528384,0.023471615720524017,0.0,0.0008187772925764192,0.002183406113537118,0.0,0.012281659388646287,0.0,0.09770742358078603,0.003820960698689956,0.002183406113537118,0.08870087336244542,0.0002729257641921397,0.015010917030567686,0.0005458515283842794,0.006004366812227074,0.0947052401746725,0.0,0.003820960698689956,0.06713973799126638,0.004093886462882096,0.012827510917030568,0.002183406113537118,0.19132096069868995,0.0,0.0
MMY70893,0.00024721878862793575,0.0007416563658838071,0.0034610630407911,0.001977750309023486,0.026452410383189122,0.001977750309023486,0.0,0.0,0.008405438813349814,0.0004944375772558715,0.03881334981458591,0.0,0.14561186650185415,0.004202719406674907,0.0032138442521631645,0.257601977750309,0.0004944375772558715,0.027441285537700866,0.000988875154511743,0.037082818294190356,0.2796044499381953,0.0007416563658838071,0.015822002472187888,0.07663782447466007,0.00519159456118665,0.02941903584672435,0.008405438813349814,0.0029666254635352285,0.0,0.022002472187886278
MMY74196,0.00030892801977139327,0.0,0.005869632375656472,0.002471424158171146,0.0874266295953043,0.002471424158171146,0.0,0.0,0.008341056533827619,0.0009267840593141798,0.08093914118010503,0.0,0.14983008958912572,0.008341056533827619,0.001235712079085573,0.14025332097621254,0.0,0.04664813098548038,0.0009267840593141798,0.03151065801668211,0.3342601173926475,0.004324992276799506,0.006796416434970652,0.0457213469261662,0.003398208217485326,0.018535681186283594,0.0182267531665122,0.001235712079085573,0.0,0.0
MMY80649,0.000877963125548727,0.0,0.011706175007316359,0.0029265437518290896,0.39186420836991515,0.007023705004389816,0.0,0.001755926251097454,0.009950248756218905,0.000585308750365818,0.0752121744220076,0.0,0.15188762071992976,0.00556043312847527,0.002341235001463272,0.07316359379572725,0.0,0.019315188762071993,0.000877963125548727,0.018729880011706175,0.14427860696517414,0.016973953760608722,0.005853087503658179,0.03716710564822944,0.00556043312847527,0.01199882938249927,0.003511852502194908,0.000877963125548727,0.0,0.0
MMY83942,0.008167539267015706,0.0006282722513089005,0.08272251308900523,0.003350785340314136,0.7541361256544502,0.005445026178010471,0.0020942408376963353,0.01382198952879581,0.000418848167539267,0.0020942408376963353,0.005654450261780105,0.0002094240837696335,0.04418848167539267,0.002513089005235602,0.0,0.0,0.000418848167539267,0.0006282722513089005,0.000837696335078534,0.003979057591623036,0.04481675392670157,0.000418848167539267,0.0,0.017382198952879582,0.0,0.0,0.0,0.006073298429319372,0.0,0.0
MMY98423,0.0017452006980802793,0.0,0.0462478184991274,0.0008726003490401396,0.0968586387434555,0.013961605584642234,0.0,0.0,0.06195462478184991,0.002617801047120419,0.13089005235602094,0.0,0.08726003490401396,0.006108202443280977,0.0034904013961605585,0.04013961605584642,0.0,0.005235602094240838,0.0008726003490401396,0.04363001745200698,0.2931937172774869,0.002617801047120419,0.0,0.06719022687609075,0.02268760907504363,0.059336823734729496,0.0017452006980802793,0.011343804537521814,0.0,0.0
ND_083017,0.0019263698630136985,0.0,0.0,0.1860017123287671,0.0006421232876712328,0.004922945205479452,0.0,0.0,0.0,0.0004280821917808219,0.07534246575342465,0.0,0.008133561643835616,0.159888698630137,0.07662671232876712,0.02910958904109589,0.00021404109589041095,0.005565068493150685,0.2459332191780822,0.05543664383561644,0.032748287671232876,0.004708904109589041,0.00021404109589041095,0.07748287671232877,0.00021404109589041095,0.03446061643835616,0.0,0.0,0.0,0.0
ND_090617,0.0015664773839827687,0.00039161934599569217,0.013119248090855688,0.1736831799490895,0.00039161934599569217,0.006853338554924614,0.0,0.0007832386919913843,0.0,0.0,0.13432543567652241,0.0,0.011356961033875073,0.09105149794399843,0.1282553358135892,0.045427844135500293,0.0,0.031721167025651066,0.1304092422165655,0.052868611709418444,0.02310554141374584,0.03818288623457999,0.004112003132954768,0.08870178186802428,0.003916193459956922,0.011161151360877227,0.008615625611905228,0.0,0.0,0.0
ND_170531,0.0024067388688327317,0.0,0.016446048937023665,0.20216606498194944,0.0,0.0036101083032490976,0.0,0.0,0.0,0.0,0.09546730846369836,0.0,0.013237063778580024,0.12234255916566386,0.11913357400722022,0.032490974729241874,0.00040112314480545525,0.013237063778580024,0.16927396710790213,0.03810669875651825,0.026474127557160047,0.04332129963898917,0.006417970316887284,0.06819093461692739,0.00681909346169274,0.005615724027276374,0.014841556357801846,0.0,0.0,0.0
ND_170607,0.00306044376434583,0.0,0.0,0.12127008416220351,0.0011476664116296864,0.005355776587605203,0.0,0.0011476664116296864,0.0,0.0,0.0837796480489671,0.0,0.004973221117061974,0.10482019892884469,0.19127773527161437,0.061208875286916604,0.0,0.032517214996174444,0.20925784238714615,0.05394032134659526,0.023335883703136953,0.0034429992348890587,0.015302218821729151,0.06809487375669472,0.0,0.016067329762815608,0.0,0.0,0.0,0.0
