sample_id,format,n_files_total,h5_path,matrix_path,barcodes_path,genefeat_path,n_mtx_found,n_barcode_found,n_genefeat_found
GSM6939028_MMRF_1695,triplet-ok,3,,raw/samples/GSM6939028_MMRF_1695/MMRF_1695/counts.mtx,raw/samples/GSM6939028_MMRF_1695/MMRF_1695/barcodes.tsv,raw/samples/GSM6939028_MMRF_1695/MMRF_1695/genes.tsv,1,1,1
GSM6939029_MMRF_1325,triplet-ok,3,,raw/samples/GSM6939029_MMRF_1325/MMRF_1325/counts.mtx,raw/samples/GSM6939029_MMRF_1325/MMRF_1325/barcodes.tsv,raw/samples/GSM6939029_MMRF_1325/MMRF_1325/genes.tsv,1,1,1
GSM6939030_MMRF_1413,triplet-ok,3,,raw/samples/GSM6939030_MMRF_1413/MMRF_1413/counts.mtx,raw/samples/GSM6939030_MMRF_1413/MMRF_1413/barcodes.tsv,raw/samples/GSM6939030_MMRF_1413/MMRF_1413/genes.tsv,1,1,1
GSM6939031_MMRF_1537,triplet-ok,3,,raw/samples/GSM6939031_MMRF_1537/MMRF_1537/counts.mtx,raw/samples/GSM6939031_MMRF_1537/MMRF_1537/barcodes.tsv,raw/samples/GSM6939031_MMRF_1537/MMRF_1537/genes.tsv,1,1,1
GSM6939032_MMRF_1640,triplet-ok,3,,raw/samples/GSM6939032_MMRF_1640/MMRF_1640/counts.mtx,raw/samples/GSM6939032_MMRF_1640/MMRF_1640/barcodes.tsv,raw/samples/GSM6939032_MMRF_1640/MMRF_1640/genes.tsv,1,1,1
GSM6939033_MMRF_1941,triplet-ok,3,,raw/samples/GSM6939033_MMRF_1941/MMRF_1941/counts.mtx,raw/samples/GSM6939033_MMRF_1941/MMRF_1941/barcodes.tsv,raw/samples/GSM6939033_MMRF_1941/MMRF_1941/genes.tsv,1,1,1
GSM6939034_MMRF_1967,triplet-ok,3,,raw/samples/GSM6939034_MMRF_1967/MMRF_1967/counts.mtx,raw/samples/GSM6939034_MMRF_1967/MMRF_1967/barcodes.tsv,raw/samples/GSM6939034_MMRF_1967/MMRF_1967/genes.tsv,1,1,1
GSM6939035_MMRF_2038,triplet-ok,3,,raw/samples/GSM6939035_MMRF_2038/MMRF_2038/counts.mtx,raw/samples/GSM6939035_MMRF_2038/MMRF_2038/barcodes.tsv,raw/samples/GSM6939035_MMRF_2038/MMRF_2038/genes.tsv,1,1,1
GSM6939036_MMRF_2168,triplet-ok,3,,raw/samples/GSM6939036_MMRF_2168/MMRF_2168/counts.mtx,raw/samples/GSM6939036_MMRF_2168/MMRF_2168/barcodes.tsv,raw/samples/GSM6939036_MMRF_2168/MMRF_2168/genes.tsv,1,1,1
GSM6939037_MMRF_1267,triplet-ok,3,,raw/samples/GSM6939037_MMRF_1267/MMRF_1267/counts.mtx,raw/samples/GSM6939037_MMRF_1267/MMRF_1267/barcodes.tsv,raw/samples/GSM6939037_MMRF_1267/MMRF_1267/genes.tsv,1,1,1
GSM6939038_MMRF_1686,triplet-ok,3,,raw/samples/GSM6939038_MMRF_1686/MMRF_1686/counts.mtx,raw/samples/GSM6939038_MMRF_1686/MMRF_1686/barcodes.tsv,raw/samples/GSM6939038_MMRF_1686/MMRF_1686/genes.tsv,1,1,1
GSM6939039_MMRF_1641,triplet-ok,3,,raw/samples/GSM6939039_MMRF_1641/MMRF_1641/counts.mtx,raw/samples/GSM6939039_MMRF_1641/MMRF_1641/barcodes.tsv,raw/samples/GSM6939039_MMRF_1641/MMRF_1641/genes.tsv,1,1,1
GSM6939040_MMRF_1424,triplet-ok,3,,raw/samples/GSM6939040_MMRF_1424/MMRF_1424/counts.mtx,raw/samples/GSM6939040_MMRF_1424/MMRF_1424/barcodes.tsv,raw/samples/GSM6939040_MMRF_1424/MMRF_1424/genes.tsv,1,1,1
GSM6939041_MMRF_1720,triplet-ok,3,,raw/samples/GSM6939041_MMRF_1720/MMRF_1720/counts.mtx,raw/samples/GSM6939041_MMRF_1720/MMRF_1720/barcodes.tsv,raw/samples/GSM6939041_MMRF_1720/MMRF_1720/genes.tsv,1,1,1
GSM6939042_MMRF_1505,triplet-ok,3,,raw/samples/GSM6939042_MMRF_1505/MMRF_1505/counts.mtx,raw/samples/GSM6939042_MMRF_1505/MMRF_1505/barcodes.tsv,raw/samples/GSM6939042_MMRF_1505/MMRF_1505/genes.tsv,1,1,1
GSM6939043_MMRF_1777,triplet-ok,3,,raw/samples/GSM6939043_MMRF_1777/MMRF_1777/counts.mtx,raw/samples/GSM6939043_MMRF_1777/MMRF_1777/barcodes.tsv,raw/samples/GSM6939043_MMRF_1777/MMRF_1777/genes.tsv,1,1,1
GSM6939044_MMRF_2251,triplet-ok,3,,raw/samples/GSM6939044_MMRF_2251/MMRF_2251/counts.mtx,raw/samples/GSM6939044_MMRF_2251/MMRF_2251/barcodes.tsv,raw/samples/GSM6939044_MMRF_2251/MMRF_2251/genes.tsv,1,1,1
GSM6939045_MMRF_2259,triplet-ok,3,,raw/samples/GSM6939045_MMRF_2259/MMRF_2259/counts.mtx,raw/samples/GSM6939045_MMRF_2259/MMRF_2259/barcodes.tsv,raw/samples/GSM6939045_MMRF_2259/MMRF_2259/genes.tsv,1,1,1
GSM6939046_25183,triplet-ok,3,,raw/samples/GSM6939046_25183/25183/counts.mtx,raw/samples/GSM6939046_25183/25183/barcodes.tsv,raw/samples/GSM6939046_25183/25183/genes.tsv,1,1,1
GSM6939047_27522_1,triplet-ok,3,,raw/samples/GSM6939047_27522_1/27522_1/counts.mtx,raw/samples/GSM6939047_27522_1/27522_1/barcodes.tsv,raw/samples/GSM6939047_27522_1/27522_1/genes.tsv,1,1,1
GSM6939048_27522_2,triplet-ok,3,,raw/samples/GSM6939048_27522_2/27522_2/counts.mtx,raw/samples/GSM6939048_27522_2/27522_2/barcodes.tsv,raw/samples/GSM6939048_27522_2/27522_2/genes.tsv,1,1,1
GSM6939049_27522_3,triplet-ok,3,,raw/samples/GSM6939049_27522_3/27522_3/counts.mtx,raw/samples/GSM6939049_27522_3/27522_3/barcodes.tsv,raw/samples/GSM6939049_27522_3/27522_3/genes.tsv,1,1,1
GSM6939050_27522_4,triplet-ok,3,,raw/samples/GSM6939050_27522_4/27522_4/counts.mtx,raw/samples/GSM6939050_27522_4/27522_4/barcodes.tsv,raw/samples/GSM6939050_27522_4/27522_4/genes.tsv,1,1,1
GSM6939051_27522_5,triplet-ok,3,,raw/samples/GSM6939051_27522_5/27522_5/counts.mtx,raw/samples/GSM6939051_27522_5/27522_5/barcodes.tsv,raw/samples/GSM6939051_27522_5/27522_5/genes.tsv,1,1,1
GSM6939052_27522_6,triplet-ok,3,,raw/samples/GSM6939052_27522_6/27522_6/counts.mtx,raw/samples/GSM6939052_27522_6/27522_6/barcodes.tsv,raw/samples/GSM6939052_27522_6/27522_6/genes.tsv,1,1,1
GSM6939053_37692_2,triplet-ok,3,,raw/samples/GSM6939053_37692_2/37692_2/counts.mtx,raw/samples/GSM6939053_37692_2/37692_2/barcodes.tsv,raw/samples/GSM6939053_37692_2/37692_2/genes.tsv,1,1,1
GSM6939054_47491_1,triplet-ok,3,,raw/samples/GSM6939054_47491_1/47491_1/counts.mtx,raw/samples/GSM6939054_47491_1/47491_1/barcodes.tsv,raw/samples/GSM6939054_47491_1/47491_1/genes.tsv,1,1,1
GSM6939055_47491_2,triplet-ok,3,,raw/samples/GSM6939055_47491_2/47491_2/counts.mtx,raw/samples/GSM6939055_47491_2/47491_2/barcodes.tsv,raw/samples/GSM6939055_47491_2/47491_2/genes.tsv,1,1,1
GSM6939056_56203_1,triplet-ok,3,,raw/samples/GSM6939056_56203_1/56203_1/counts.mtx,raw/samples/GSM6939056_56203_1/56203_1/barcodes.tsv,raw/samples/GSM6939056_56203_1/56203_1/genes.tsv,1,1,1
GSM6939057_56203_2,triplet-ok,3,,raw/samples/GSM6939057_56203_2/56203_2/counts.mtx,raw/samples/GSM6939057_56203_2/56203_2/barcodes.tsv,raw/samples/GSM6939057_56203_2/56203_2/genes.tsv,1,1,1
GSM6939058_57075_3,triplet-ok,3,,raw/samples/GSM6939058_57075_3/57075_3/counts.mtx,raw/samples/GSM6939058_57075_3/57075_3/barcodes.tsv,raw/samples/GSM6939058_57075_3/57075_3/genes.tsv,1,1,1
GSM6939059_58408_1,triplet-ok,3,,raw/samples/GSM6939059_58408_1/58408_1/counts.mtx,raw/samples/GSM6939059_58408_1/58408_1/barcodes.tsv,raw/samples/GSM6939059_58408_1/58408_1/genes.tsv,1,1,1
GSM6939060_58408_2,triplet-ok,3,,raw/samples/GSM6939060_58408_2/58408_2/counts.mtx,raw/samples/GSM6939060_58408_2/58408_2/barcodes.tsv,raw/samples/GSM6939060_58408_2/58408_2/genes.tsv,1,1,1
GSM6939061_59114_1,triplet-ok,3,,raw/samples/GSM6939061_59114_1/59114_1/counts.mtx,raw/samples/GSM6939061_59114_1/59114_1/barcodes.tsv,raw/samples/GSM6939061_59114_1/59114_1/genes.tsv,1,1,1
GSM6939062_59114_4,triplet-ok,3,,raw/samples/GSM6939062_59114_4/59114_4/counts.mtx,raw/samples/GSM6939062_59114_4/59114_4/barcodes.tsv,raw/samples/GSM6939062_59114_4/59114_4/genes.tsv,1,1,1
GSM6939063_60359_1,triplet-ok,3,,raw/samples/GSM6939063_60359_1/60359_1/counts.mtx,raw/samples/GSM6939063_60359_1/60359_1/barcodes.tsv,raw/samples/GSM6939063_60359_1/60359_1/genes.tsv,1,1,1
GSM6939064_60359_2,triplet-ok,3,,raw/samples/GSM6939064_60359_2/60359_2/counts.mtx,raw/samples/GSM6939064_60359_2/60359_2/barcodes.tsv,raw/samples/GSM6939064_60359_2/60359_2/genes.tsv,1,1,1
GSM6939065_77570,triplet-ok,3,,raw/samples/GSM6939065_77570/77570/counts.mtx,raw/samples/GSM6939065_77570/77570/barcodes.tsv,raw/samples/GSM6939065_77570/77570/genes.tsv,1,1,1
GSM6939066_81012_1,triplet-ok,3,,raw/samples/GSM6939066_81012_1/81012_1/counts.mtx,raw/samples/GSM6939066_81012_1/81012_1/barcodes.tsv,raw/samples/GSM6939066_81012_1/81012_1/genes.tsv,1,1,1
GSM6939067_81012_2,triplet-ok,3,,raw/samples/GSM6939067_81012_2/81012_2/counts.mtx,raw/samples/GSM6939067_81012_2/81012_2/barcodes.tsv,raw/samples/GSM6939067_81012_2/81012_2/genes.tsv,1,1,1
GSM6939068_83942,triplet-ok,3,,raw/samples/GSM6939068_83942/83942/counts.mtx,raw/samples/GSM6939068_83942/83942/barcodes.tsv,raw/samples/GSM6939068_83942/83942/genes.tsv,1,1,1
GSM6939069_MMY18273,triplet-ok,3,,raw/samples/GSM6939069_MMY18273/MMY18273/counts.mtx,raw/samples/GSM6939069_MMY18273/MMY18273/barcodes.tsv,raw/samples/GSM6939069_MMY18273/MMY18273/genes.tsv,1,1,1
GSM6939070_MMY21940,triplet-ok,3,,raw/samples/GSM6939070_MMY21940/MMY21940/counts.mtx,raw/samples/GSM6939070_MMY21940/MMY21940/barcodes.tsv,raw/samples/GSM6939070_MMY21940/MMY21940/genes.tsv,1,1,1
GSM6939071_MMY22933,triplet-ok,3,,raw/samples/GSM6939071_MMY22933/MMY22933/counts.mtx,raw/samples/GSM6939071_MMY22933/MMY22933/barcodes.tsv,raw/samples/GSM6939071_MMY22933/MMY22933/genes.tsv,1,1,1
GSM6939072_MMY34339,triplet-ok,3,,raw/samples/GSM6939072_MMY34339/MMY34339/counts.mtx,raw/samples/GSM6939072_MMY34339/MMY34339/barcodes.tsv,raw/samples/GSM6939072_MMY34339/MMY34339/genes.tsv,1,1,1
GSM6939073_MMY34600,triplet-ok,3,,raw/samples/GSM6939073_MMY34600/MMY34600/counts.mtx,raw/samples/GSM6939073_MMY34600/MMY34600/barcodes.tsv,raw/samples/GSM6939073_MMY34600/MMY34600/genes.tsv,1,1,1
GSM6939074_MMY40511,triplet-ok,3,,raw/samples/GSM6939074_MMY40511/MMY40511/counts.mtx,raw/samples/GSM6939074_MMY40511/MMY40511/barcodes.tsv,raw/samples/GSM6939074_MMY40511/MMY40511/genes.tsv,1,1,1
GSM6939075_MMY47218,triplet-ok,3,,raw/samples/GSM6939075_MMY47218/MMY47218/counts.mtx,raw/samples/GSM6939075_MMY47218/MMY47218/barcodes.tsv,raw/samples/GSM6939075_MMY47218/MMY47218/genes.tsv,1,1,1
GSM6939076_MMY67868,triplet-ok,3,,raw/samples/GSM6939076_MMY67868/MMY67868/counts.mtx,raw/samples/GSM6939076_MMY67868/MMY67868/barcodes.tsv,raw/samples/GSM6939076_MMY67868/MMY67868/genes.tsv,1,1,1
GSM6939077_MMY70893,triplet-ok,3,,raw/samples/GSM6939077_MMY70893/MMY70893/counts.mtx,raw/samples/GSM6939077_MMY70893/MMY70893/barcodes.tsv,raw/samples/GSM6939077_MMY70893/MMY70893/genes.tsv,1,1,1
GSM6939078_MMY74196,triplet-ok,3,,raw/samples/GSM6939078_MMY74196/MMY74196/counts.mtx,raw/samples/GSM6939078_MMY74196/MMY74196/barcodes.tsv,raw/samples/GSM6939078_MMY74196/MMY74196/genes.tsv,1,1,1
GSM6939079_MMY80649,triplet-ok,3,,raw/samples/GSM6939079_MMY80649/MMY80649/counts.mtx,raw/samples/GSM6939079_MMY80649/MMY80649/barcodes.tsv,raw/samples/GSM6939079_MMY80649/MMY80649/genes.tsv,1,1,1
GSM6939080_MMY83942,triplet-ok,3,,raw/samples/GSM6939080_MMY83942/MMY83942/counts.mtx,raw/samples/GSM6939080_MMY83942/MMY83942/barcodes.tsv,raw/samples/GSM6939080_MMY83942/MMY83942/genes.tsv,1,1,1
GSM6939081_MMY98423,triplet-ok,3,,raw/samples/GSM6939081_MMY98423/MMY98423/counts.mtx,raw/samples/GSM6939081_MMY98423/MMY98423/barcodes.tsv,raw/samples/GSM6939081_MMY98423/MMY98423/genes.tsv,1,1,1
GSM6939082_ND_083017,triplet-ok,3,,raw/samples/GSM6939082_ND_083017/ND_083017/counts.mtx,raw/samples/GSM6939082_ND_083017/ND_083017/barcodes.tsv,raw/samples/GSM6939082_ND_083017/ND_083017/genes.tsv,1,1,1
GSM6939083_ND_090617,triplet-ok,3,,raw/samples/GSM6939083_ND_090617/ND_090617/counts.mtx,raw/samples/GSM6939083_ND_090617/ND_090617/barcodes.tsv,raw/samples/GSM6939083_ND_090617/ND_090617/genes.tsv,1,1,1
GSM6939084_ND_170531,triplet-ok,3,,raw/samples/GSM6939084_ND_170531/ND_170531/counts.mtx,raw/samples/GSM6939084_ND_170531/ND_170531/barcodes.tsv,raw/samples/GSM6939084_ND_170531/ND_170531/genes.tsv,1,1,1
GSM6939085_ND_170607,triplet-ok,3,,raw/samples/GSM6939085_ND_170607/ND_170607/counts.mtx,raw/samples/GSM6939085_ND_170607/ND_170607/barcodes.tsv,raw/samples/GSM6939085_ND_170607/ND_170607/genes.tsv,1,1,1
GSM6939086_BM2,triplet-ok,3,,raw/samples/GSM6939086_BM2/BM2/counts.mtx,raw/samples/GSM6939086_BM2/BM2/barcodes.tsv,raw/samples/GSM6939086_BM2/BM2/genes.tsv,1,1,1
GSM6939087_BM4,triplet-ok,3,,raw/samples/GSM6939087_BM4/BM4/counts.mtx,raw/samples/GSM6939087_BM4/BM4/barcodes.tsv,raw/samples/GSM6939087_BM4/BM4/genes.tsv,1,1,1
GSM6939088_BM5,triplet-ok,3,,raw/samples/GSM6939088_BM5/BM5/counts.mtx,raw/samples/GSM6939088_BM5/BM5/barcodes.tsv,raw/samples/GSM6939088_BM5/BM5/genes.tsv,1,1,1
GSM6939089_BM6,triplet-ok,3,,raw/samples/GSM6939089_BM6/counts.mtx,raw/samples/GSM6939089_BM6/barcodes.tsv,raw/samples/GSM6939089_BM6/genes.tsv,1,1,1
